<?xml version="1.0" encoding="UTF-8"?>
<project-private xmlns="http://www.netbeans.org/ns/project-private/1">
    <editor-bookmarks xmlns="http://www.netbeans.org/ns/editor-bookmarks/2" lastBookmarkId="0"/>
    <open-files xmlns="http://www.netbeans.org/ns/projectui-open-files/2">
        <group>
            <file>file:/C:/Users/User/Desktop/Projetos/QuizAcademy/Trabalho2/src/trabalho2/Trabalho2.java</file>
            <file>file:/C:/Users/User/Desktop/Projetos/QuizAcademy/Trabalho2/src/trabalho2/LinkedQueue.java</file>
            <file>file:/C:/Users/User/Desktop/Projetos/QuizAcademy/Trabalho2/src/trabalho2/Caixa.java</file>
            <file>file:/C:/Users/User/Desktop/Projetos/QuizAcademy/Trabalho2/src/trabalho2/GeradorDeCliente.java</file>
            <file>file:/C:/Users/User/Desktop/Projetos/QuizAcademy/Trabalho2/src/trabalho2/Cliente.java</file>
            <file>file:/C:/Users/User/Desktop/Projetos/QuizAcademy/Trabalho2/src/trabalho2/Simulacao.java</file>
        </group>
    </open-files>
</project-private>
